,Attack,Month,deciMonth
1,Unknown,10,9.03225806451613
3,Malware/PoS Malware,10,9.064516129032258
5,Malware/PoS Malware,10,9.064516129032258
9,Targeted Attack,10,9.096774193548388
12,Account Hijacking,10,9.096774193548388
13,Targeted Attack,10,9.129032258064516
15,Targeted Attack,10,9.129032258064516
19,Malware/PoS Malware,10,9.129032258064516
25,Malware/PoS Malware,10,9.161290322580646
27,Malware/PoS Malware,10,9.161290322580646
28,Smart Contract Vulnerability,10,9.193548387096774
29,Malware/PoS Malware,10,9.193548387096774
31,Malware/PoS Malware,10,9.225806451612904
32,Defacement,10,9.225806451612904
34,Malicious Script Injection,10,9.290322580645162
35,Account Hijacking,10,9.290322580645162
36,Unknown,10,9.290322580645162
48,Account Hijacking,10,9.387096774193548
49,Account Hijacking,10,9.387096774193548
50,Malware/PoS Malware,10,9.387096774193548
51,Malware/PoS Malware,10,9.419354838709678
53,Unknown,10,9.483870967741936
55,Malware/PoS Malware,10,9.161290322580646
58,Malware/PoS Malware,10,9.516129032258064
63,Malware/PoS Malware,10,9.548387096774194
66,Malware/PoS Malware,10,9.580645161290322
68,Unknown,10,9.612903225806452
72,Account Hijacking,10,9.612903225806452
74,Unknown,10,9.64516129032258
78,Account Hijacking,10,9.709677419354838
85,Malware/PoS Malware,10,9.741935483870968
87,Account Hijacking,10,9.741935483870968
103,Unknown,10,9.967741935483872
113,Unknown,10,10.0
119,Account Hijacking,11,10.533333333333333
120,Account Hijacking,11,10.533333333333333
122,Malware,11,10.533333333333333
123,Targeted Attack,11,10.566666666666666
125,Unknown,11,10.6
130,Account Hijacking,11,10.633333333333333
138,Malware,11,10.666666666666666
141,Account Hijacking,11,10.666666666666666
142,Unknown,11,10.7
144,Malware,11,10.766666666666667
145,Account Hijacking,11,10.766666666666667
150,Unknown,11,10.9
152,Malvertising,11,10.9
156,Unknown,11,10.933333333333334
159,Account Hijacking,11,10.933333333333334
162,Brute Force (Credential Stuffing),11,10.966666666666667
165,Malware,11,10.966666666666667
166,Account Hijacking,11,10.966666666666667
167,Unknown,11,11.0
173,Malware,11,11.0
174,Malicious Script Injection,11,11.0
175,Account Hijacking,11,10.066666666666666
176,Malware,11,10.966666666666667
180,Unknown,12,11.096774193548388
183,Account Hijacking,12,11.096774193548388
184,Account Hijacking,12,11.129032258064516
186,Defacement,12,11.129032258064516
187,Vulnerability,12,11.129032258064516
189,Account Hijacking,12,11.129032258064516
191,Unknown,12,11.129032258064516
200,Malware,12,11.193548387096774
201,Malware,12,11.193548387096774
203,DNS Hijack,12,11.225806451612904
205,Malware,12,11.225806451612904
208,Account Hijacking,12,11.225806451612904
209,Malware,12,11.290322580645162
212,Unknown,12,11.32258064516129
213,Malware,12,11.32258064516129
218,Account Hijacking,12,11.35483870967742
222,Malicious Script Injection,12,11.387096774193548
223,Unknown,12,11.387096774193548
226,Malware,12,11.419354838709678
227,Targeted Attack,12,11.419354838709678
230,Targeted Attack,12,11.451612903225806
234,Malicious Script Injection,12,11.225806451612904
237,Account Hijacking,12,11.516129032258064
239,Defacement,12,11.548387096774194
240,Account Hijacking,12,11.548387096774194
241,Unknown,12,11.580645161290322
242,Malware,12,11.580645161290322
243,Malicious Script Injection,12,11.580645161290322
247,Malware,12,11.612903225806452
248,Malicious Script Injection,12,11.612903225806452
252,Pos Malware,12,11.64516129032258
253,Credential Stuffing,12,11.64516129032258
255,Malicious Script Injection,12,11.64516129032258
256,Malware,12,11.64516129032258
258,Account Hijacking,12,11.67741935483871
269,Malware,12,11.870967741935484
271,Malicious Script Injection,12,11.870967741935484
273,Account Hijacking,12,11.903225806451612
274,Account Hijacking,12,11.903225806451612
275,Account Hijacking,12,11.903225806451612
277,Malware,12,11.903225806451612
278,Malware,12,11.935483870967742
279,Unknown,12,11.935483870967742
282,Account Hijacking,12,12.0
284,Unknown,10,9.548387096774194
285,Malware/PoS Malware,1,0.03225806451612903
289,SQLi?,1,0.06451612903225806
295,Malware/PoS Malware,1,0.0967741935483871
296,Account Hijacking,11,10.033333333333333
298,Credential Stuffing,11,10.066666666666666
305,Malware/PoS Malware,1,0.12903225806451613
308,Account Hijacking,11,10.066666666666666
311,Account Hijacking,1,0.16129032258064516
313,Malware/PoS Malware,1,0.16129032258064516
315,Unknown,1,0.16129032258064516
319,Unknown,1,0.16129032258064516
324,Malicious Script Injection,11,10.166666666666666
325,Account Hijacking,1,0.1935483870967742
333,Account Hijacking,1,0.25806451612903225
335,Account Hijacking,1,0.25806451612903225
340,Account Hijacking,11,10.233333333333333
354,Malware,11,10.266666666666667
358,Account Hijacking,11,10.266666666666667
359,Malware/PoS Malware,1,0.3548387096774194
360,Account Hijacking,11,10.3
361,Targeted Attack,1,0.3870967741935484
363,Malware/PoS Malware,1,0.3870967741935484
364,Account Hijacking,11,10.3
366,Unknown,11,10.3
368,Unknown,11,10.3
370,Malware,11,10.3
372,Malware,11,10.333333333333334
382,Account Hijacking,11,10.4
383,Account Hijacking,1,0.3870967741935484
386,Account Hijacking,11,10.433333333333334
389,Account Hijacking,1,0.5161290322580645
392,Account Hijacking,11,10.433333333333334
393,Unknown,1,0.5161290322580645
396,Targeted Attack,11,10.466666666666667
402,Malware,11,10.466666666666667
407,Malware/PoS Malware,1,0.5806451612903226
409,Unknown,1,0.5806451612903226
412,Malware,11,10.5
415,Malware/PoS Malware,1,0.6129032258064516
417,Account Hijacking,1,0.6129032258064516
420,Malware/PoS Malware,1,0.7096774193548387
421,Account Hijacking,1,0.7096774193548387
422,Account Hijacking,1,0.7096774193548387
430,Malware/PoS Malware,1,0.7419354838709677
431,Undisclosed vulnerability,1,0.7419354838709677
433,Account Hijacking,1,0.7741935483870968
440,Malware/PoS Malware,1,0.8387096774193549
455,Malware/PoS Malware,1,0.9354838709677419
462,Account Hijacking,1,1.0
470,Account Hijacking,2,1.0357142857142858
471,Account Hijacking,2,1.0357142857142858
472,Account Hijacking,2,1.0357142857142858
473,Account Hijacking,2,1.0357142857142858
474,Account Hijacking,2,1.0357142857142858
475,Malware/PoS Malware,2,1.0357142857142858
476,Account Hijacking,2,1.0357142857142858
479,Account Hijacking,2,1.0714285714285714
482,Account Hijacking,2,1.1428571428571428
483,Account Hijacking,2,1.1785714285714286
484,Account Hijacking,2,1.1785714285714286
485,Malware/PoS Malware,2,1.1785714285714286
486,Unknown,2,1.1785714285714286
491,Malware/PoS Malware,2,1.25
493,Account Hijacking,2,1.25
496,DDoS,2,1.25
497,Malware/PoS Malware,2,1.25
499,Malware/PoS Malware,2,1.2857142857142856
501,Account Hijacking,2,1.2857142857142856
506,DNS Hijacking,2,1.3571428571428572
515,Account Hijacking,2,1.4285714285714286
516,Unknown,2,1.4285714285714286
522,Malware/PoS Malware,2,1.5
527,Unknown,2,1.5
529,Unknown,2,1.5357142857142856
530,Malware/PoS Malware,2,1.5357142857142856
532,Account Hijacking,2,1.4642857142857144
533,Malware/PoS Malware,2,1.4642857142857144
534,Malware/PoS Malware,2,1.4642857142857144
538,Unknown,2,1.5714285714285714
539,Malware/PoS Malware,2,1.5714285714285714
540,Malware/PoS Malware,2,1.5714285714285714
541,Account Hijacking,2,1.5714285714285714
542,Unknown,2,1.5714285714285714
546,Account Hijacking,2,1.6785714285714286
547,Account Hijacking,2,1.7142857142857144
549,Malware/PoS Malware,2,1.7142857142857144
550,Malicious Script Injection,2,1.7142857142857144
557,Malware/PoS Malware,2,1.75
558,Account Hijacking,2,1.75
559,Account Hijacking,2,1.7857142857142856
561,Account Hijacking,2,1.7857142857142856
562,Unknown,2,1.7857142857142856
563,Unknown,2,1.7857142857142856
564,Account Hijacking,2,1.7857142857142856
566,Unknown,2,1.7857142857142856
567,Malware/PoS Malware,2,1.8214285714285714
572,Unknown,2,1.8571428571428572
573,Account Hijacking,2,1.8571428571428572
576,DDoS,2,1.8928571428571428
583,Account Hijacking,2,1.9285714285714286
584,Malware/PoS Malware,2,1.9285714285714286
589,Unknown,2,1.9642857142857144
590,Account Hijacking,2,2.0
593,DDoS,2,2.0
599,Malware/PoS Malware,3,2.032258064516129
600,Account Hijacking,3,2.032258064516129
601,Account Hijacking,3,2.032258064516129
602,Account Hijacking,3,2.032258064516129
603,Account Hijacking,3,2.032258064516129
604,Account Hijacking,3,2.032258064516129
605,Account Hijacking,3,2.032258064516129
607,Malware/PoS Malware,3,2.032258064516129
608,Account Hijacking,3,2.032258064516129
610,Malware/PoS Malware,3,2.064516129032258
612,Malware/PoS Malware,3,2.064516129032258
614,DDoS,3,2.161290322580645
617,Account Hijacking,3,2.161290322580645
619,Account Hijacking,3,2.193548387096774
622,Malware/PoS Malware,3,2.225806451612903
627,Unknown,3,2.258064516129032
636,Unknown,3,2.2903225806451615
638,DDoS,3,2.3225806451612905
639,Malware/PoS Malware,3,2.3225806451612905
641,Account Hijacking,3,2.3870967741935485
642,Unknown,3,2.3870967741935485
647,Unknown,3,2.4193548387096775
649,Account Hijacking,3,2.4516129032258065
660,Unknown,3,2.4838709677419355
662,Targeted Attack,3,2.5161290322580645
664,Malware/PoS Malware,3,2.5161290322580645
665,Unknown,3,2.5161290322580645
666,Unknown,3,2.5161290322580645
668,Unknown,3,2.6451612903225805
672,Malware/PoS Malware,3,2.6451612903225805
678,Malware/PoS Malware,3,2.709677419354839
681,Unknown,3,2.774193548387097
688,Malware/PoS Malware,3,2.903225806451613
693,Unknown,3,2.935483870967742
696,Account Hijacking,3,2.967741935483871
697,Account Hijacking,4,3.033333333333333
699,Unknown,4,3.066666666666667
703,Account Hijacking,4,3.1
709,Vulnerability,4,3.1333333333333333
711,Account Hijacking,4,3.1333333333333333
712,Unknown,4,3.1666666666666665
717,Account Hijacking,4,3.2666666666666666
724,Defacement,4,3.3333333333333335
726,Account Hijacking,4,3.3333333333333335
731,DDoS,4,3.4
733,Account Hijacking,4,3.4333333333333336
736,Account Hijacking,4,3.4333333333333336
737,Malware/PoS Malware,4,3.4333333333333336
738,Account Hijacking,4,3.466666666666667
739,Account Hijacking,4,3.5
745,Unknown,4,3.533333333333333
750,Unknown,4,3.533333333333333
757,Malware/PoS Malware,4,3.6
758,Account Hijacking,4,3.6
759,Account Hijacking,4,3.6
761,Unknown,4,3.6
776,DNS Hijacking,4,3.8
780,DDoS,4,3.8
788,Account Hijacking,4,3.8666666666666667
790,Malware/PoS Malware,4,3.9
791,Unknown,4,3.9
792,Malware/PoS Malware,4,3.9
794,Account Hijacking,4,3.9
795,Account Hijacking,4,3.9
797,Malware/PoS Malware,5,4.032258064516129
800,Defacement,5,4.032258064516129
801,DDoS,5,4.032258064516129
804,Account Hijacking,5,4.064516129032258
813,Malware/PoS Malware,5,4.096774193548387
816,Unknown,5,4.096774193548387
818,Defacement,5,4.129032258064516
819,Malware/PoS Malware,5,4.129032258064516
820,Unknown,5,4.129032258064516
821,Unknown,5,4.129032258064516
822,Account Hijacking,5,4.129032258064516
825,Unknown,5,4.161290322580645
829,Malware/PoS Malware,5,4.225806451612903
834,Malware/PoS Malware,5,4.258064516129032
835,Malware/PoS Malware,5,4.290322580645161
838,Account Hijacking,5,4.290322580645161
843,Unknown,5,4.32258064516129
845,Malware/PoS Malware,5,4.354838709677419
848,Unknown,5,4.354838709677419
849,Account Hijacking,5,4.387096774193548
854,Account Hijacking,5,4.32258064516129
858,Unknown,5,4.516129032258064
862,Malware/PoS Malware,5,4.516129032258064
866,Malware/PoS Malware,5,4.548387096774194
867,Unknown,5,4.548387096774194
870,Unknown,5,4.548387096774194
873,Account Hijacking,5,4.580645161290323
874,Unknown,5,4.580645161290323
878,Vulnerability,5,4.612903225806452
880,Malware/PoS Malware,5,4.645161290322581
884,Account Hijacking,5,4.67741935483871
885,Malware/PoS Malware,5,4.67741935483871
890,Unknown,5,4.741935483870968
894,Malware/PoS Malware,5,4.774193548387097
895,Account Hijacking,5,4.806451612903226
896,Unknown,5,4.806451612903226
897,Unknown,5,4.806451612903226
899,Brute-Force,5,4.838709677419355
904,Targeted Attack,5,4.903225806451613
906,Targeted Attack,5,4.935483870967742
909,Vulnerability,5,4.967741935483871
910,Malware/PoS Malware,5,4.967741935483871
913,Account Hijacking,5,5.0
914,Account Hijacking,6,5.033333333333333
915,Malware/PoS Malware,6,5.033333333333333
917,Unknown,6,5.066666666666666
918,Account Hijacking,6,5.066666666666666
919,51% attack,6,5.1
921,Unknown,6,5.133333333333334
922,Account Hijacking,6,5.133333333333334
934,Vulnerability,6,5.233333333333333
935,Malware/PoS Malware,6,5.233333333333333
936,Targeted Attack,6,5.266666666666667
937,Account Hijacking,6,5.266666666666667
938,Account Hijacking,6,5.266666666666667
945,Targeted Attack,6,5.4
949,Account Hijacking,6,5.4
956,Targeted Attack,6,5.466666666666667
957,Account Hijacking,6,5.466666666666667
960,Malware/PoS Malware,6,5.466666666666667
964,Account Hijacking,6,5.433333333333334
966,Malware/PoS Malware,6,5.566666666666666
970,Malware/PoS Malware,6,5.633333333333333
971,Unknown,6,5.633333333333333
978,Unknown,6,5.666666666666667
982,Credential Stuffing,6,5.7
984,Remote access,6,5.733333333333333
988,Vulnerability,6,5.8
991,Unknown,6,5.9
992,SEO Spam,6,5.9
994,Account Hijacking,6,5.9
997,Unknown,6,5.933333333333334
999,>1,6,5.933333333333334
1002,Vulnerability,6,5.933333333333334
1003,Malware/PoS Malware,6,5.933333333333334
1009,Account Hijacking,6,6.0
1010,Account Hijacking,6,5.733333333333333
1013,Account Hijacking,6,5.966666666666667
1026,Unknown,7,6.161290322580645
1029,Malware/PoS Malware,7,6.193548387096774
1031,Account Hijacking,7,6.193548387096774
1032,DDoS,7,6.225806451612903
1033,Account Hijacking,7,6.258064516129032
1036,Remote Device?,7,6.290322580645161
1037,Account Hijacking,7,6.290322580645161
1042,Vulnerability,7,6.32258064516129
1044,Unknown,7,6.32258064516129
1045,Malware/PoS Malware,7,6.32258064516129
1048,Malware/PoS Malware,7,6.354838709677419
1049,Account Hijacking,7,6.354838709677419
1055,Account Hijacking,7,6.387096774193548
1056,Account Hijacking,7,6.419354838709677
1057,Account Hijacking,7,6.419354838709677
1058,Unknown,7,6.419354838709677
1059,Unknown,7,6.451612903225806
1063,SIM Hijacking,7,6.387096774193548
1066,Unknown,7,6.516129032258064
1068,Account Hijacking,7,6.516129032258064
1069,Account Hijacking,7,6.516129032258064
1070,Malware/PoS Malware,7,6.516129032258064
1072,Account Hijacking,7,6.516129032258064
1079,Unknown,7,6.612903225806452
1082,Malicious code injection,7,6.612903225806452
1086,Malware/PoS Malware,7,6.645161290322581
1087,Targeted Attack,7,6.645161290322581
1090,Account Hijacking,7,6.645161290322581
1093,Targeted Attack,7,6.645161290322581
1094,Account Hijacking,7,6.645161290322581
1096,Targeted Attack,7,6.741935483870968
1099,Unknown,7,6.741935483870968
1100,Account Hijacking,7,6.774193548387097
1105,Account Hijacking,7,6.774193548387097
1110,Vulnerability,7,6.806451612903226
1113,Malware/PoS Malware,7,6.806451612903226
1115,Targeted Attack,7,6.838709677419355
1117,Unknown,7,6.838709677419355
1118,Malware/PoS Malware,7,6.838709677419355
1123,Vulnerability,7,6.838709677419355
1124,Malware/PoS Malware,7,6.870967741935484
1127,Account Hijacking,7,6.870967741935484
1128,Defacement,7,6.870967741935484
1130,Account Hijacking,7,6.903225806451613
1132,Account Hijacking,7,6.967741935483871
1140,Malware/PoS Malware,7,7.0
1141,Malware/PoS Malware,7,7.0
1143,Unknown,7,7.0
1144,Account Hijacking,7,6.645161290322581
1146,Account Hijacking,8,7.032258064516129
1149,Unknown,8,7.032258064516129
1156,DNS hijacking,8,7.096774193548387
1158,Vulnerability in Monero Code,8,7.129032258064516
1160,Malware/PoS Malware,8,7.225806451612903
1162,Linkedin Bot,8,7.258064516129032
1164,Targeted Attack,8,7.290322580645161
1165,Account Hijacking,8,7.290322580645161
1168,Unknown,8,7.32258064516129
1173,SIM Swapping,8,7.483870967741936
1175,Targeted Attack,8,7.483870967741936
1176,Account Hijacking,8,7.516129032258064
1177,Account Hijacking,8,7.516129032258064
1179,Malware/PoS Malware,8,7.548387096774194
1182,Targeted Attack,8,7.580645161290323
1183,Malware/PoS Malware,8,7.580645161290323
1184,Account Hijacking,8,7.645161290322581
1188,Unknown,8,7.645161290322581
1189,Account Hijacking,8,7.67741935483871
1195,Malware/PoS Malware,8,7.709677419354839
1208,App Vulnerability,8,7.903225806451613
1214,Account Hijacking,8,7.935483870967742
1215,Account Hijacking,8,7.935483870967742
1217,Malware/PoS Malware,8,7.935483870967742
1220,Account Hijacking,8,7.967741935483871
1225,LinkedIn Bot,8,8.0
1226,Account Hijacking,8,7.548387096774194
1228,Malware/PoS Malware,8,7.774193548387097
1235,Unknown,9,8.1
1236,Unknown,9,8.1
1250,Targeted Attack,9,8.233333333333333
1264,Unknown,9,8.366666666666667
1266,Vulnerability,9,8.366666666666667
1267,Malicious JavaScript Injection,9,8.4
1269,Malware/PoS Malware,9,8.4
1273,Malware/PoS Malware,9,8.433333333333334
1278,Malware/PoS Malware,9,8.466666666666667
1280,Account Hijacking,9,8.466666666666667
1283,Malware/PoS Malware,9,8.466666666666667
1284,Unsecured MongoDB,9,8.566666666666666
1290,Account Hijacking,9,8.566666666666666
1293,Malware/PoS Malware,9,8.633333333333333
1294,Malware/PoS Malware,9,8.633333333333333
1297,Malware/PoS Malware,9,8.633333333333333
1305,Credential Stuffng,9,8.7
1306,DDoS,9,8.7
1309,DDoS,9,8.7
1312,DDoS,9,8.8
1313,Malware/PoS Malware,9,8.833333333333334
1315,Credential Stuffng,9,8.833333333333334
1316,Unknown,9,8.833333333333334
1318,Unknown,9,8.833333333333334
1319,Bitcoin Vulnerability,9,8.866666666666667
1321,Malware/PoS Malware,9,8.866666666666667
1322,"""view as"" vulnerability",9,8.9
1329,Malware/PoS Malware,9,8.933333333333334
1330,Account Hijacking,9,8.933333333333334
1335,Unknown,9,8.966666666666667
1336,Malware/PoS Malware,9,9.0
0,Unknown,12,11.064516129032258
1,Malware,12,11.35483870967742
4,Malware,12,11.516129032258064
5,Account Hijacking,12,11.516129032258064
12,Malware,12,11.548387096774194
18,Malware,12,11.580645161290322
19,Malicious Script Injection,12,11.580645161290322
20,PoS Malware,12,11.612903225806452
21,PoS Malware,12,11.612903225806452
22,PoS Malware,12,11.612903225806452
25,Credential Stuffing,12,11.612903225806452
29,Account Hijacking,12,11.612903225806452
38,Malware,12,11.64516129032258
39,Malware,12,11.67741935483871
43,Account Hijacking,12,11.67741935483871
44,Account Hijacking,12,11.67741935483871
45,Unknown,12,11.709677419354838
46,Account Hijacking,12,11.709677419354838
48,Malware,12,11.741935483870968
49,Malware,12,11.741935483870968
51,Malware,12,11.741935483870968
55,Malware,12,11.741935483870968
56,Malware,12,11.774193548387096
57,Unknown,12,11.774193548387096
62,Malware,12,11.870967741935484
64,Account Hijacking,12,11.903225806451612
69,Business Email Compromise,12,11.967741935483872
72,Malware,12,11.967741935483872
73,Unknown,12,11.967741935483872
76,PoS Malware,12,12.0
78,Account Hijacking,12,12.0
79,Malicious Script Injection,12,12.0
80,Malware,10,9.419354838709678
82,SQLi,11,10.866666666666667
87,Malware,12,11.03225806451613
94,Malicious Script Injection,12,11.064516129032258
95,Malware,12,11.064516129032258
98,Malware,12,11.096774193548388
102,Malware,12,11.096774193548388
107,Malware,12,11.161290322580646
109,Malware,12,11.161290322580646
110,Malicious Script Injection,12,11.161290322580646
111,Malware,12,11.161290322580646
118,Account Hijacking,12,11.193548387096774
119,Malicious Script Injection,12,11.193548387096774
120,Account Hijacking,12,11.193548387096774
121,Malware,12,11.225806451612904
123,Malware,12,11.225806451612904
124,Malware,12,11.258064516129032
126,Malware,12,11.290322580645162
129,Malware,12,11.290322580645162
130,Malware,12,11.290322580645162
134,Malware,12,11.32258064516129
139,Account Hijacking,12,11.35483870967742
140,Malware,12,11.35483870967742
142,Malicious Script Injection,12,11.35483870967742
143,Malware,12,11.35483870967742
144,Account Hijacking,12,11.35483870967742
151,Malware,12,11.387096774193548
152,Malicious Script Injection,12,11.387096774193548
153,Malware,12,11.387096774193548
154,Malware,12,11.419354838709678
156,Spam accounts,12,11.419354838709678
158,Malicious Script Injection,12,11.35483870967742
159,Account Hijacking,12,11.419354838709678
160,PoS Malware,12,11.451612903225806
162,Malware,12,11.483870967741936
163,Malware,10,9.870967741935484
164,Malware,11,10.366666666666667
167,Malware,11,10.6
172,Malicious Spam,11,10.6
174,Targeted Attack,11,10.633333333333333
182,Malware,11,10.666666666666666
186,Malware,11,10.7
188,Malicious Script Injection,11,10.7
190,Malware,11,10.7
192,Unknown,11,10.733333333333333
194,Malware,11,10.733333333333333
196,PoS Malware,11,10.733333333333333
198,Malware,11,10.766666666666667
199,PoS Malware,11,10.766666666666667
202,Malware,11,10.8
204,Malware,11,10.833333333333334
210,PoS Malware,11,10.866666666666667
211,PoS Malware,11,10.866666666666667
213,Account hijacking,11,10.866666666666667
214,Account hijacking,11,10.866666666666667
215,Magento Vulnerability,11,10.9
218,Account hijacking,11,10.9
229,Account Hijacking,10,9.806451612903226
232,Malware,10,10.0
234,Malware,11,10.033333333333333
236,Malicious Script Injection,11,10.033333333333333
243,Malware,11,10.133333333333333
247,Account Hijacking,11,10.133333333333333
248,Malicious Script Injection,11,10.133333333333333
255,Unknown,11,10.2
257,Malware,11,10.2
262,Malware,11,10.233333333333333
265,Account Hijacking,11,10.233333333333333
267,Malware,11,10.266666666666667
268,Malware,11,10.266666666666667
270,Account Hijacking,11,10.266666666666667
271,Malware,11,10.3
275,Account Hijacking,11,10.4
279,Malware,11,10.4
284,Account Hijacking,11,10.4
285,Malware,11,10.4
286,Account Hijacking,11,10.4
287,Targeted attack,11,10.433333333333334
291,Account Hijacking,11,10.433333333333334
292,Account Hijacking,11,10.433333333333334
293,Malware,11,10.433333333333334
294,Account Hijacking,11,10.433333333333334
295,Malicious Script Injection,11,10.433333333333334
296,Malicious Script Injection,11,10.466666666666667
300,Account Hijacking,11,10.5
305,Account Hijacking,11,10.5
306,Account Hijacking,11,10.5
307,O-day Wordpress Vulnerability,4,3.4
314,Malware,4,3.533333333333333
318,Credential Stuffing,4,3.5666666666666664
320,Malware,4,3.6
323,Malware,4,3.6
327,Account Hijacking,4,3.6333333333333333
328,Malicious Script Injection,4,3.6666666666666665
329,Account Hijacking,4,3.6666666666666665
330,Account Hijacking,4,3.7333333333333334
332,Account Hijacking,3,2.935483870967742
333,Account Hijacking,3,2.935483870967742
335,Undisclosed Vulnerability,4,3.066666666666667
336,Malware,4,3.066666666666667
337,Malware,4,3.066666666666667
341,Malware,4,3.066666666666667
346,Account Hijacking,4,3.1
353,Malicious Javascript Injection,4,3.1666666666666665
356,Unknown,4,3.1666666666666665
357,Account Hijacking,8,7.290322580645161
359,Account Hijacking,8,7.483870967741936
360,Malware,8,7.516129032258064
364,Account Hijacking,8,7.516129032258064
365,Account Hijacking,8,7.516129032258064
367,Targeted Attack,8,7.032258064516129
372,Unknown,8,7.032258064516129
373,Unknown,8,7.032258064516129
390,Account Hijacking,1,1.0
391,PoS Malware,2,1.0357142857142858
393,Malware,2,1.0357142857142858
394,Malware,2,1.0714285714285714
397,Malware,1,0.2903225806451613
398,Malware,1,0.45161290322580644
407,Malware,12,11.64516129032258
412,Unknown,1,0.06451612903225806
421,Account Hijacking,7,6.516129032258064
422,Malware,7,6.516129032258064
425,Unknown,7,6.516129032258064
429,Malware,7,6.032258064516129
430,Account Hijacking,7,6.032258064516129
440,Targeted Attack,7,6.064516129032258
444,Account Hijacking,7,6.096774193548387
445,Account Hijacking,7,6.096774193548387
446,Spam,7,6.096774193548387
448,Unknown,7,6.161290322580645
451,Malware,7,6.193548387096774
452,Malware,6,5.466666666666667
453,Malware,6,5.466666666666667
455,Malware,6,5.566666666666666
457,Unauthorized Raspberry Pi,6,5.6
460,Unknown,6,5.6
462,Malware,6,5.6
463,Malware,6,5.6
465,Account Hijacking,6,5.633333333333333
475,Malware,6,5.666666666666667
476,MyBB vulnerability,6,5.666666666666667
478,Account Hijacking,6,5.033333333333333
481,Malicious Script Injection,6,5.1
488,Malware,3,2.3870967741935485
489,Malware,3,2.3870967741935485
496,Malware,3,2.5806451612903225
497,Account Hijacking,2,1.9642857142857144
498,Malicious Script Injection,2,1.9642857142857144
499,Unknown,2,1.9642857142857144
501,Unknown,3,2.032258064516129
503,Unknown,3,2.096774193548387
507,Website Vulnerability,5,4.516129032258064
511,Account Hijacking,5,4.516129032258064
514,Unknown,5,4.548387096774194
515,Account Hijacking,5,4.548387096774194
516,Account Hijacking,5,4.580645161290323
517,Account Hijacking,5,4.612903225806452
520,Account Hijacking,5,4.645161290322581
521,Malware,5,4.645161290322581
522,Malware,5,4.645161290322581
526,Targeted Attack,5,4.67741935483871
532,Malware,4,3.1333333333333333
534,Malware,4,3.7333333333333334
538,Malware,5,4.032258064516129
554,Malware,5,4.225806451612903
557,Account Hijacking,9,8.566666666666666
559,Unknown,10,9.516129032258064
567,Malware,10,9.548387096774194
574,Unknown,10,9.64516129032258
575,Unknown,10,9.64516129032258
576,Malware,10,9.64516129032258
584,Account Hijacking,10,9.709677419354838
587,Account Hijacking,10,9.709677419354838
588,Malicious Script Injection,10,9.741935483870968
597,Malicious Script Injection,10,9.806451612903226
598,Malware,10,9.806451612903226
605,BEC,10,9.903225806451612
606,PoS Malware,10,9.903225806451612
609,Malicious Script Injection,10,9.903225806451612
613,Unknown,10,9.935483870967742
615,Malware,10,9.935483870967742
616,Account Hijacking,10,9.935483870967742
617,BEC,10,9.967741935483872
620,Unknown,10,9.967741935483872
626,Targeted Attack,10,10.0
633,Unknown,10,10.0
635,Account Hijacking,9,8.566666666666666
636,Account Hijacking,9,8.566666666666666
638,Account Hijacking,9,8.9
639,Malware,9,8.9
640,Malware,9,9.0
641,Targeted Attack,10,9.03225806451613
642,Malware,10,9.03225806451613
643,Unknown,10,9.03225806451613
644,Malware,9,8.366666666666667
645,Malware,9,8.4
649,Account Hijacking,9,8.533333333333333
650,Account Hijacking,9,8.533333333333333
651,Malware,9,8.533333333333333
654,Unknown,8,8.0
657,Unknown,9,8.033333333333333
658,Malware,9,8.033333333333333
4,Malware,12,11.483870967741936
9,Malware,12,11.516129032258064
13,Account hijacking,12,11.516129032258064
14,Malware,12,11.516129032258064
22,Account hijacking,12,11.580645161290322
27,Account hijacking,12,11.64516129032258
29,Malware,12,11.67741935483871
32,Malware,12,11.67741935483871
33,Account hijacking,12,11.67741935483871
37,Unknown,12,11.741935483870968
38,Account hijacking,12,11.741935483870968
41,Account hijacking,12,11.741935483870968
42,Credential Stuffing,12,11.741935483870968
43,Fake Websites/Social Network accounts,12,11.741935483870968
44,Malicious Script Injection,12,11.741935483870968
45,Malware,12,11.741935483870968
57,Malware,12,11.774193548387096
70,Malware,12,11.903225806451612
71,Misconfiguration,12,11.903225806451612
72,Malware,12,11.903225806451612
75,Account hijacking,12,11.903225806451612
77,Unknown,12,11.935483870967742
79,Malware,12,11.935483870967742
82,Malware,12,11.935483870967742
83,Account hijacking,12,11.935483870967742
86,Malware,12,11.967741935483872
93,Malware,12,12.0
94,Malware,12,12.0
95,Account hijacking,12,12.0
96,Account hijacking,12,12.0
97,Malware,11,10.3
98,Malicious Script Injection,11,10.3
99,Malicious Script Injection,11,10.3
100,Targeted Attack,12,11.03225806451613
105,Business Email Compromise,12,11.03225806451613
117,Malware,12,11.064516129032258
126,Malware,12,11.096774193548388
130,Malware,12,11.096774193548388
136,Malware,12,11.129032258064516
142,Malware,12,11.161290322580646
147,Malware,12,11.161290322580646
148,Malware,12,11.193548387096774
150,Malware,12,11.193548387096774
152,Targeted Attack,12,11.225806451612904
153,Malware,12,11.225806451612904
161,Malware,12,11.258064516129032
163,Account hijacking,12,11.258064516129032
164,Malware,12,11.258064516129032
166,Account hijacking,12,11.258064516129032
168,Account hijacking,12,11.258064516129032
175,Unknown,12,11.290322580645162
180,Malware,12,11.32258064516129
184,Account hijacking,12,11.32258064516129
185,Malware,12,11.32258064516129
186,Malware,12,11.32258064516129
187,Unknown,12,11.32258064516129
189,Malware,12,11.32258064516129
196,Unknown,12,11.35483870967742
197,Malware,12,11.35483870967742
200,Malware,12,11.35483870967742
201,Malware,12,11.35483870967742
202,Malware,12,11.35483870967742
203,Account hijacking,12,11.35483870967742
212,Defacement,12,11.451612903225806
213,Malware,12,11.451612903225806
220,Zoom bombing,12,11.483870967741936
224,Malware,11,10.5
226,Malware,11,10.533333333333333
227,Malware,11,10.533333333333333
231,Malware,11,10.533333333333333
238,Malware,11,10.566666666666666
239,Malware,11,10.566666666666666
240,Malware,11,10.566666666666666
248,DDoS,11,10.6
249,Unknown,11,10.633333333333333
250,Malware,11,10.633333333333333
251,Malware,11,10.633333333333333
254,Malware,11,10.633333333333333
255,Malware,11,10.633333333333333
256,Malware,11,10.633333333333333
261,Account hijacking,11,10.666666666666666
262,Malware,11,10.666666666666666
263,Malware,11,10.666666666666666
264,Account hijacking,11,10.666666666666666
267,Defacement,11,10.7
272,Malware,11,10.7
274,Malware,11,10.733333333333333
280,Account hijacking,11,10.766666666666667
284,Malware,11,10.766666666666667
285,Unknown,11,10.8
286,Unknown,11,10.8
288,Account hijacking,11,10.8
290,Account hijacking,11,10.8
293,Malware,11,10.8
295,Malware,11,10.833333333333334
296,Malware,11,10.833333333333334
297,Business Email Compromise,11,10.833333333333334
299,Account hijacking,11,10.833333333333334
303,Account hijacking,11,10.866666666666667
306,Malware,11,10.866666666666667
309,Malware,11,10.866666666666667
310,Malware,11,10.866666666666667
317,Malware,11,10.933333333333334
318,Malware,11,10.933333333333334
319,Unknown,11,10.933333333333334
324,Malware,11,11.0
325,Malware,11,11.0
326,Account hijacking,11,11.0
327,Malicious Script Injection,11,11.0
328,Malware,11,11.0
329,Account hijacking,11,11.0
330,Malware,1,0.6774193548387096
331,Malware,9,8.166666666666666
332,Malware,9,8.433333333333334
333,Malware,9,8.5
334,Malware,9,8.566666666666666
335,Malware,9,8.8
336,Malware,10,9.516129032258064
337,Malware,10,9.612903225806452
338,Malware,10,9.67741935483871
339,Malware,10,9.67741935483871
340,Malware,10,9.67741935483871
342,Malicious Script Injection,11,10.033333333333333
349,Sextortion,11,10.066666666666666
353,Malware,11,10.1
355,Robocalls,11,10.1
358,Malware,11,10.1
359,Malware,11,10.1
362,Malware,11,10.133333333333333
365,"Fake websites, social networks accounts.",11,10.133333333333333
366,Malware,11,10.133333333333333
368,Unknown,11,10.166666666666666
370,Malware,11,10.166666666666666
385,Unknown,11,10.266666666666667
386,Account hijacking,11,10.3
388,Malware,11,10.3
389,Malware,11,10.3
391,Zoom bombing,11,10.3
395,Malware,11,10.3
403,Unknown,11,10.366666666666667
407,Unknown,11,10.366666666666667
408,Unknown,11,10.366666666666667
409,Credential Stuffing,11,10.4
417,Unknown,11,10.4
424,Account hijacking,11,10.433333333333334
425,Malware,11,10.433333333333334
427,Unknown,11,10.466666666666667
428,Malware,11,10.466666666666667
438,DDoS,6,5.566666666666666
443,Zoom bombing,6,5.566666666666666
449,Account Hijacking,6,5.6
451,Account Hijacking,6,5.6
452,Malware,6,5.6
456,Unknown,6,5.633333333333333
457,Malware,6,5.633333333333333
460,Account Hijacking,6,5.633333333333333
461,Malware,6,5.633333333333333
464,Malware,6,5.666666666666667
466,Malicious Spam,6,5.7
470,Account Hijacking,6,5.733333333333333
475,Malicious Spam,6,5.733333333333333
476,Account Hijacking,6,5.733333333333333
477,Malware,6,5.766666666666667
480,Account Hijacking,6,5.766666666666667
485,Misconfiguration,6,5.8
487,Malware,6,5.833333333333333
499,Malicious Script Injection,6,5.866666666666667
507,Malware,6,5.966666666666667
508,Malware,6,6.0
509,Account Hijacking,6,6.0
517,Targeted Attack,4,3.533333333333333
523,Malware,4,3.5666666666666664
525,Malicious Script Injection,4,3.5666666666666664
527,Account Hijacking,4,3.5666666666666664
528,Malware,4,3.5666666666666664
529,Malware,4,3.6
531,Vulnerability,4,3.6333333333333333
535,Account Hijacking,4,3.6333333333333333
539,Zoom Bombing,4,3.6666666666666665
541,Malware,4,3.6666666666666665
545,Malware,4,3.7
546,Malware,4,3.7
549,Malware,4,3.7
551,DDoS,4,3.7
554,Unknown,4,3.7333333333333334
555,Account Hijacking,4,3.7333333333333334
561,Account Hijacking,4,3.7666666666666666
562,Malware,4,3.7666666666666666
563,Malware,4,3.7666666666666666
568,Account Hijacking,4,3.8
571,Account Hijacking,4,3.8
572,Malware,4,3.8
573,Malware,4,3.8
578,Zoom Bombing,4,3.9
579,Malware,4,3.9
590,Unknown,4,3.966666666666667
596,SQL Injection,4,3.966666666666667
600,Malware,4,4.0
606,Account Hijacking,3,2.5161290322580645
608,Malware,3,2.838709677419355
610,Malware,3,2.870967741935484
614,Malware,4,3.033333333333333
616,Account Hijacking,4,3.033333333333333
619,Account Hijacking,4,3.033333333333333
622,Malware,4,3.033333333333333
624,Account Hijacking,4,3.066666666666667
637,Zoom bombing,4,3.1
639,Unknown,4,3.1
645,>1,4,3.2
646,Business Email Compromise,4,3.2
651,Malicious Script Injection,4,3.2333333333333334
652,Account Hijacking,4,3.2333333333333334
655,Malware,4,3.2333333333333334
656,Account Hijacking,4,3.2333333333333334
668,Account Hijacking,4,3.3
672,Unknown,4,3.3333333333333335
675,Account Hijacking,4,3.3333333333333335
679,Account Hijacking,4,3.3666666666666667
681,Citrix Vulnerability,4,3.4
682,Unknown,4,3.4
684,Account Hijacking,4,3.4333333333333336
685,Business Email Compromise,4,3.4333333333333336
687,Account Hijacking,4,3.4333333333333336
695,Malware,4,3.466666666666667
703,Business Email Compromise,4,3.5
708,Account Hijacking,4,3.5
709,DDoS,4,3.5
711,Malware,8,7.064516129032258
712,Malware,8,7.096774193548387
713,Malware,8,7.096774193548387
715,Malware,8,7.193548387096774
720,Malware,8,7.483870967741936
726,Unknown,8,7.548387096774194
729,Malware,8,7.580645161290323
731,Targeted Attack,8,7.612903225806452
735,Malware,8,7.612903225806452
737,Account Hijacking,8,7.612903225806452
738,Account Hijacking,8,7.612903225806452
740,Malware,8,7.645161290322581
742,Account Hijacking,8,7.645161290322581
747,Account Hijacking,8,7.67741935483871
750,Malware,8,7.67741935483871
751,Malware,8,7.67741935483871
753,Account Hijacking,8,7.67741935483871
754,Account Hijacking,8,7.67741935483871
757,Account Hijacking,8,7.67741935483871
762,Malware,8,7.741935483870968
763,Malware,8,7.741935483870968
765,Malware,8,7.774193548387097
772,Malware,8,7.774193548387097
773,Malware,8,7.774193548387097
780,Unknown,8,7.806451612903226
784,Malware,8,7.838709677419355
785,Malware,8,7.838709677419355
790,Malware,8,7.870967741935484
792,Malware,8,7.870967741935484
793,Malware,8,7.870967741935484
794,Unknown,8,7.870967741935484
802,Unknown,8,7.903225806451613
803,Malware,8,7.903225806451613
804,Malware,8,7.903225806451613
805,Unknown,8,7.935483870967742
809,Malware,8,7.967741935483871
812,Malicious Script Injection,8,8.0
818,Malware,8,8.0
820,Malware,7,6.870967741935484
827,Unknown,8,7.064516129032258
828,Targeted Attack,8,7.096774193548387
830,>1,8,7.096774193548387
834,Account Hijacking,8,7.096774193548387
836,Malware,8,7.129032258064516
838,Unknown,8,7.129032258064516
840,Zoom bombing,8,7.161290322580645
841,Malware,8,7.161290322580645
842,Unknown,8,7.161290322580645
844,Misconfiguration,8,7.193548387096774
849,Unknown,8,7.193548387096774
850,Malware,8,7.193548387096774
851,Account Hijacking,8,7.193548387096774
852,Malware,8,7.225806451612903
853,Account Hijacking,8,7.225806451612903
855,CVE-2020-5902,8,7.258064516129032
857,Malware,8,7.258064516129032
858,CVE-2019-16759 Vulnerability,8,7.290322580645161
862,Malicious Script Injection,8,7.32258064516129
866,Account Hijacking,8,7.32258064516129
867,Malware,8,7.32258064516129
868,Malware,8,7.32258064516129
869,Malware,8,7.32258064516129
870,Account Hijacking,8,7.32258064516129
871,Zoom bombing,8,7.32258064516129
872,Zoom bombing,8,7.32258064516129
873,Unknown,8,7.32258064516129
874,Business Email Compromise,8,7.32258064516129
879,Account Hijacking,8,7.354838709677419
880,Misconfiguration,8,7.354838709677419
882,Account Hijacking,8,7.387096774193548
888,Targeted Attack,8,7.419354838709677
891,Account Hijacking,8,7.419354838709677
895,Malware,8,7.419354838709677
896,Account Hijacking,8,7.419354838709677
898,Malware,8,7.451612903225806
899,Malware,8,7.451612903225806
902,Targeted Attack,8,7.451612903225806
904,Zoom bombing,8,7.451612903225806
905,Zoom bombing,8,7.451612903225806
908,Malware,8,7.483870967741936
910,Zoom bombing,8,7.483870967741936
913,Malware,2,1.4827586206896552
914,Account Hijacking,2,1.4827586206896552
915,Account Hijacking,2,1.5172413793103448
916,Unknown,2,1.5172413793103448
920,Malware,2,1.5517241379310345
926,Malware,2,1.5862068965517242
927,Account Hijacking,2,1.5862068965517242
928,Account Hijacking,2,1.5862068965517242
929,Malware,2,1.6206896551724137
934,Cloud Misconfiguration,2,1.6551724137931034
936,Business Email Compromise,2,1.6551724137931034
937,Malware,2,1.6551724137931034
942,Malware,2,1.6551724137931034
944,Malware,2,1.6551724137931034
945,Account Hijacking,2,1.6551724137931034
946,Unknown,2,1.6896551724137931
950,Account Hijacking,2,1.6896551724137931
951,Business Email Compromise,2,1.6896551724137931
952,Malware,2,1.6896551724137931
954,Path traversal vulnerability,2,1.7241379310344827
955,Malware,2,1.7241379310344827
958,Account Hijacking,2,1.7241379310344827
959,Malware,2,1.7241379310344827
960,Malware,2,1.7241379310344827
965,Unknown,2,1.793103448275862
971,Account Hijacking,2,1.8275862068965516
972,Malware,2,1.8275862068965516
976,Malware,2,1.8620689655172413
978,Malicious Script Injection,2,1.8620689655172413
980,Malware,2,1.8620689655172413
982,Account Hijacking,2,1.8620689655172413
983,Account Hijacking,2,1.8620689655172413
984,Malware,2,1.8620689655172413
986,Misconfiguration,2,1.896551724137931
992,Unknown,2,1.896551724137931
993,Business Email Compromise,2,1.9310344827586206
994,Malware,2,1.9310344827586206
998,Account Hijacking,2,1.9310344827586206
999,Malware,2,1.9310344827586206
1003,Account Hijacking,2,1.9655172413793105
1004,Malware,2,2.0
1005,Malware,2,2.0
1009,Unknown,1,0.967741935483871
1010,Unknown,1,0.967741935483871
1011,Vulnerability,1,1.0
1014,Malware,1,1.0
1015,Unknown,1,1.0
1017,Malware,2,1.0344827586206897
1018,Malware,2,1.0344827586206897
1022,Malware,2,1.103448275862069
1027,DDoS,2,1.1379310344827587
1031,Malware,2,1.1379310344827587
1032,Account Hijacking,2,1.1379310344827587
1033,Account Hijacking,2,1.1379310344827587
1034,Account Hijacking,2,1.1379310344827587
1041,Targeted attack,2,1.1724137931034484
1043,Malware,2,1.1724137931034484
1044,Account Hijacking,2,1.1724137931034484
1045,Malware,2,1.1724137931034484
1053,Account Hijacking,2,1.206896551724138
1056,Account Hijacking,2,1.2413793103448276
1057,Account Hijacking,2,1.2413793103448276
1058,Malware,2,1.2413793103448276
1060,Malware,2,1.2413793103448276
1061,Account Hijacking,2,1.2413793103448276
1066,Malware,2,1.3448275862068966
1067,Malware,2,1.3448275862068966
1068,Malware,2,1.3448275862068966
1071,Malware,2,1.3448275862068966
1072,Unknown,2,1.3448275862068966
1074,Malware,2,1.3793103448275863
1076,Malware,2,1.3793103448275863
1077,Account Hijacking,2,1.3793103448275863
1078,Account Hijacking,2,1.3793103448275863
1079,Malware,2,1.3793103448275863
1080,Malicious Script Injection,2,1.3793103448275863
1081,Account Hijacking,2,1.3793103448275863
1086,Malware,2,1.4137931034482758
1087,Malware,2,1.4137931034482758
1088,PoS Malware,2,1.4482758620689655
1094,Account Hijacking,2,1.4482758620689655
1095,Targeted attack,2,1.4827586206896552
1099,Account Hijacking,2,1.4827586206896552
1100,PoS Malware,2,1.4827586206896552
1101,Malware,2,1.5172413793103448
1104,Account Hijacking,2,1.5172413793103448
1107,Account Hijacking,1,0.3225806451612903
1108,Malware,1,0.3225806451612903
1109,Defacement,1,0.3225806451612903
1110,Account Hijacking,1,0.41935483870967744
1111,Unknown,1,0.4838709677419355
1117,Shellshock Vulnerability,1,0.5161290322580645
1118,Malware,1,0.5161290322580645
1119,Account Hijacking,1,0.5161290322580645
1122,Account Hijacking,1,0.5483870967741935
1123,Malware,1,0.5483870967741935
1124,Malware,1,0.5806451612903226
1126,Malware,1,0.5806451612903226
1127,Account Hijacking,1,0.5806451612903226
1130,Account Hijacking,1,0.6129032258064516
1132,Unknown,2,1.6896551724137931
1133,Malicious Script Injection,1,0.6451612903225806
1135,Unknown,1,0.6774193548387096
1137,Account Hijacking,1,0.6774193548387096
1138,Defacement,1,0.6774193548387096
1140,Account Hijacking,1,0.6774193548387096
1145,Malware,1,0.7096774193548387
1146,Unknown,1,0.7096774193548387
1147,Account Hijacking,1,0.7096774193548387
1155,Targeted attack,1,0.7741935483870968
1158,Malware,1,0.7741935483870968
1162,Account Hijacking,1,0.8709677419354839
1164,Unknown,1,0.8709677419354839
1167,Unknown,1,0.9032258064516129
1168,Malware,1,0.9032258064516129
1170,Malware,1,0.9354838709677419
1173,Account Hijacking,1,0.9354838709677419
1175,Targeted attack,1,0.967741935483871
1178,Account Hijacking,1,0.967741935483871
1185,Malware,1,1.0
1187,Malware,1,1.0
1188,Account Hijacking,1,0.06451612903225806
1189,Account Hijacking,1,0.06451612903225806
1190,Account Hijacking,1,0.0967741935483871
1191,Malware,1,0.0967741935483871
1192,Malware,1,0.0967741935483871
1194,Defacement,1,0.12903225806451613
1197,Unknown,1,0.12903225806451613
1198,Defacement,1,0.1935483870967742
1201,Malicious Script Injection,1,0.1935483870967742
1204,Malware,1,0.1935483870967742
1205,Malware,1,0.1935483870967742
1206,Malware,1,0.1935483870967742
1207,Targeted attack,1,0.22580645161290322
1211,Malware,1,0.22580645161290322
1212,Malicious Script Injection,1,0.22580645161290322
1213,CVE-2019-11510 vulnerability,1,0.25806451612903225
1214,CVE-2019-11510 vulnerability,1,0.25806451612903225
1221,Malware,1,0.2903225806451613
1222,Password-Spaying,1,0.2903225806451613
1223,Targeted attack,1,0.2903225806451613
1227,Malware,1,0.2903225806451613
1228,Malware,1,0.2903225806451613
1229,Malware,1,0.2903225806451613
1231,Business Email Compromise,1,0.3225806451612903
1237,Malware,1,0.3225806451612903
1238,Account Hijacking,1,0.3225806451612903
1239,Unknown,1,0.3225806451612903
1240,Account Hijacking,1,0.3225806451612903
1248,Misconfiguration,1,0.45161290322580644
1251,Unknown,1,0.45161290322580644
1256,Malware,5,4.548387096774194
1257,Malware,6,5.966666666666667
1259,Malware,7,6.483870967741936
1260,Account Hijacking,7,6.483870967741936
1267,Malware,7,6.548387096774194
1273,Account Hijacking,7,6.612903225806452
1277,Account Hijacking,7,6.645161290322581
1279,Account Hijacking,7,6.67741935483871
1282,DDoS,7,6.67741935483871
1286,Cloud Misconfiguration,7,6.709677419354839
1290,Malware,7,6.709677419354839
1294,Unknown,7,6.741935483870968
1295,Malware,7,6.741935483870968
1296,>1,7,6.741935483870968
1297,Password-spraying,7,6.741935483870968
1299,Malware,7,6.774193548387097
1300,Targeted Attack,7,6.774193548387097
1305,Unknown,7,6.774193548387097
1306,Malware,7,6.806451612903226
1307,Account Hijacking,7,6.806451612903226
1308,SQLi,7,6.838709677419355
1309,OAuth token hijacking,7,6.838709677419355
1311,Unknown,7,6.870967741935484
1322,Malware,7,6.903225806451613
1323,Malware,7,6.903225806451613
1324,Targeted Attack,7,6.935483870967742
1326,Unknown,7,6.935483870967742
1330,Malware,7,6.935483870967742
1331,Zoom bombing,7,6.935483870967742
1333,Unknown,7,6.967741935483871
1337,Unknown,7,7.0
1339,Malicious SEO redirection,7,7.0
1341,Account Hijacking,7,7.0
1342,>1,6,5.4
1343,Malware,6,5.866666666666667
1346,Malicious Script Injection,6,6.0
1347,Account Hijacking,6,6.0
1350,,7,6.032258064516129
1351,Malware,7,6.032258064516129
1359,Malware,7,6.064516129032258
1367,Malware,7,6.129032258064516
1368,Malware,7,6.161290322580645
1377,Malware,7,6.193548387096774
1384,Malware,7,6.225806451612903
1386,Malware,7,6.258064516129032
1393,Malware,7,6.290322580645161
1396,DDoS,7,6.290322580645161
1400,Unknown,7,6.32258064516129
1403,Zoom bombing,7,6.32258064516129
1405,Malware,7,6.32258064516129
1411,Unknown,7,6.387096774193548
1413,Unknown,7,6.419354838709677
1416,Malware,7,6.451612903225806
1424,Account Hijacking,7,6.483870967741936
1428,Malware,7,6.483870967741936
1429,Account Hijacking,7,6.483870967741936
1433,Unknown,3,2.4193548387096775
1435,Malware,3,2.4516129032258065
1437,Malware,3,2.4838709677419355
1440,Malware,3,2.5161290322580645
1441,Account Hijacking,3,2.5161290322580645
1443,Unknown,3,2.5161290322580645
1445,Malware,3,2.5483870967741935
1450,Malware,3,2.5483870967741935
1451,Account Hijacking,3,2.5483870967741935
1456,Malicious Script Injection,3,2.5806451612903225
1458,Account Hijacking,3,2.5806451612903225
1459,DDoS,3,2.5806451612903225
1460,Malicious Bot,3,2.6129032258064515
1463,Malicious Spam,3,2.6129032258064515
1465,Malicious Spam,3,2.6129032258064515
1472,Account Hijacking,3,2.6451612903225805
1475,Account Hijacking,3,2.6451612903225805
1477,Account Hijacking,3,2.6451612903225805
1479,Account Hijacking,3,2.6451612903225805
1480,Account Hijacking,3,2.6451612903225805
1487,Account Hijacking,3,2.741935483870968
1490,Malware,3,2.741935483870968
1492,Malware,3,2.741935483870968
1502,Malicious Script Injection,3,2.806451612903226
1504,Unknown,3,2.806451612903226
1508,Malware,3,2.806451612903226
1511,Malware,3,2.838709677419355
1512,Targeted Attack,3,2.838709677419355
1513,Malware,3,2.838709677419355
1514,Malware,3,2.838709677419355
1515,Account Hijacking,3,2.838709677419355
1516,Malicious Spam,3,2.838709677419355
1519,Unknown,3,2.870967741935484
1520,Malware,3,2.870967741935484
1523,Malicious Spam,3,2.903225806451613
1530,Targeted Attack,3,2.967741935483871
1532,Account Hijacking,3,2.967741935483871
1534,Account Hijacking,3,3.0
1538,Malware,2,1.5172413793103448
1543,Malware,3,2.032258064516129
1544,Malware,3,2.032258064516129
1546,Malware,3,2.064516129032258
1554,Credential Stuffing,3,2.096774193548387
1556,Malware,3,2.096774193548387
1557,Account Hijacking,3,2.129032258064516
1563,Account Hijacking,3,2.161290322580645
1564,Malware,3,2.161290322580645
1565,Malware,3,2.161290322580645
1570,Malware,3,2.193548387096774
1572,Unknown,3,2.193548387096774
1574,Business Email Compromise,3,2.193548387096774
1578,Malware,3,2.258064516129032
1582,Malicious Script Injection,3,2.2903225806451615
1584,Malware,3,2.2903225806451615
1590,Unknown,3,2.3225806451612905
1592,Malware,3,2.3548387096774195
1594,Unknown,3,2.3548387096774195
1595,Fake Social Network Groups/Pages,3,2.3870967741935485
1598,AWS Account Hijacking,3,2.3870967741935485
1607,Malware,3,2.4193548387096775
1608,Unknown,3,2.4193548387096775
1611,Malware,3,2.4516129032258065
1612,Malware,3,2.4516129032258065
1613,DDoS,3,2.4838709677419355
1615,Unknown,4,3.6
1616,Malware,5,4.129032258064516
1619,Malware,5,4.354838709677419
1620,Account Hijacking,5,4.451612903225806
1621,Account Hijacking,5,4.451612903225806
1630,Business Email Compromise,5,4.612903225806452
1633,Unknown,5,4.645161290322581
1636,Zoom-bombing,5,4.645161290322581
1644,Unknown,5,4.709677419354839
1658,Account Hijacking,5,4.838709677419355
1666,Salt vulnerability (CVE-2020-11651 and CVE-2020-11652),5,4.903225806451613
1669,Targeted Attack,5,4.903225806451613
1671,Malware,5,4.903225806451613
1675,DDoS,5,4.903225806451613
1677,Account Hijacking,5,4.935483870967742
1683,DDoS,5,4.967741935483871
1687,Unknown,4,3.9
1691,Malware,5,4.032258064516129
1692,Malware,5,4.032258064516129
1695,Malware,5,4.064516129032258
1698,Cloud Misconfiguration,5,4.096774193548387
1699,Salt vulnerability (CVE-2020-11651 and CVE-2020-11652),5,4.096774193548387
1700,Salt vulnerability (CVE-2020-11651 and CVE-2020-11652),5,4.096774193548387
1701,Salt vulnerability (CVE-2020-11651 and CVE-2020-11652),5,4.096774193548387
1702,Malware,5,4.096774193548387
1703,DDoS,5,4.096774193548387
1704,Malware,5,4.096774193548387
1707,Account Hijacking,5,4.129032258064516
1719,Salt vulnerability (CVE-2020-11651 and CVE-2020-11652),5,4.161290322580645
1721,Account Hijacking,5,4.161290322580645
1724,Unknown,5,4.193548387096774
1731,Account Hijacking,5,4.193548387096774
1739,Malware,5,4.225806451612903
1740,Account Hijacking,5,4.225806451612903
1741,Unknown,5,4.225806451612903
1742,Malware,5,4.258064516129032
1744,Unknown,5,4.258064516129032
1745,Unknown,5,4.258064516129032
1746,Unknown,5,4.258064516129032
1747,Malware,5,4.258064516129032
1752,Unknown,5,4.290322580645161
1755,Unknown,5,4.290322580645161
1756,Unknown,5,4.290322580645161
1758,Unknown,5,4.290322580645161
1761,Malware,5,4.354838709677419
1762,Malware,5,4.354838709677419
1768,Malware,5,4.387096774193548
1769,Targeted Attack,5,4.387096774193548
1773,Malware,5,4.387096774193548
1774,Targeted Attack,5,4.419354838709677
1782,Account Hijacking,5,4.419354838709677
1783,Malware,5,4.419354838709677
1788,Malware,5,4.451612903225806
1794,Zoom bombing,5,4.451612903225806
1795,Zoom bombing,5,4.451612903225806
1797,Malware,5,4.483870967741936
1801,Account hijacking,7,6.096774193548387
1802,Malware,8,7.774193548387097
1803,Malware,9,8.066666666666666
1804,Malware,10,9.387096774193548
1805,Misconfigurations,10,9.451612903225806
1806,Account hijacking,10,9.483870967741936
1807,Targeted Attack,10,9.516129032258064
1808,DDoS,10,9.516129032258064
1814,Unknown,10,9.516129032258064
1816,Unknown,10,9.516129032258064
1817,Unknown,10,9.516129032258064
1820,Malware,10,9.548387096774194
1821,Malware,10,9.580645161290322
1827,Targeted Attack,10,9.612903225806452
1829,Malware,10,9.612903225806452
1830,Malware,10,9.612903225806452
1831,Malware,10,9.612903225806452
1832,Malware,10,9.612903225806452
1835,Multiple Vulnerabilities,10,9.64516129032258
1838,Malware,10,9.64516129032258
1839,Malware,10,9.64516129032258
1840,Malware,10,9.64516129032258
1841,Malware,10,9.67741935483871
1843,Malware,10,9.64516129032258
1844,Unknown,10,9.67741935483871
1848,Unknown,10,9.67741935483871
1850,Account hijacking,10,9.67741935483871
1852,Malware,10,9.67741935483871
1855,Malware,10,9.709677419354838
1856,Malware,10,9.709677419354838
1857,Targeted Attack,10,9.709677419354838
1858,Vulnerability,10,9.709677419354838
1862,Unknown,10,9.709677419354838
1864,Unknown,10,9.709677419354838
1866,Unknown,10,9.709677419354838
1867,Malware,10,9.709677419354838
1868,Account hijacking,10,9.709677419354838
1869,Unknown,10,9.741935483870968
1874,Account hijacking,10,9.774193548387096
1877,Unknown,10,9.806451612903226
1880,Defacement,10,9.838709677419354
1885,Credential Stuffing,10,9.838709677419354
1887,"Fake websites, social networks accounts.",10,9.870967741935484
1888,"Fake websites, social networks accounts.",10,9.870967741935484
1896,Unknown,10,9.903225806451612
1897,Zoom bombing,10,9.903225806451612
1898,Malware,10,9.903225806451612
1899,Malware,10,9.935483870967742
1900,Malware,10,9.935483870967742
1901,Malware,10,9.935483870967742
1902,Malware,10,9.935483870967742
1904,Account hijacking,10,9.935483870967742
1905,CVE-2020-14882 Vulnerability,10,9.935483870967742
1910,Malware,10,9.935483870967742
1914,>1,10,9.967741935483872
1917,Malware,10,9.967741935483872
1918,CVE-2020-14882 Vulnerability,10,10.0
1920,Malware,10,10.0
1921,Malware,8,7.387096774193548
1922,Malware,9,8.166666666666666
1923,Malware,9,8.466666666666667
1924,Malware,9,8.6
1925,Account hijacking,9,8.933333333333334
1926,Malware,9,8.966666666666667
1927,Account hijacking,9,9.0
1931,Fake Social Networks Accounts,10,9.03225806451613
1935,Targeted Attack,10,9.03225806451613
1940,Account hijacking,10,9.064516129032258
1941,Malicious Script Injection,10,9.064516129032258
1942,Account hijacking,10,9.064516129032258
1945,Malware,10,9.096774193548388
1946,DDoS,10,9.096774193548388
1948,Unknown,10,9.161290322580646
1949,Malicious Script Injection,10,9.161290322580646
1956,Targeted Attack,10,9.193548387096774
1960,Malware,10,9.193548387096774
1962,Malware,10,9.193548387096774
1965,Unknown,10,9.193548387096774
1967,Account hijacking,10,9.225806451612904
1968,Account hijacking,10,9.225806451612904
1970,Malware,10,9.225806451612904
1971,Malware,10,9.225806451612904
1972,Malware,10,9.225806451612904
1973,Malware,10,9.225806451612904
1974,Malware,10,9.225806451612904
1975,Malware,10,9.225806451612904
1976,Credential Stuffing,10,9.258064516129032
1977,Malware,10,9.258064516129032
1983,Fake News,10,9.258064516129032
1984,DDoS,10,9.258064516129032
1985,Account hijacking,10,9.258064516129032
1986,"CVE-2018-13379, CVE-2020-15505, CVE-2020-1472 Vulnerabilities",10,9.290322580645162
1987,Unknown,10,9.290322580645162
1989,Unknown,10,9.290322580645162
1992,DDoS,10,9.290322580645162
1993,Unknown,10,9.290322580645162
2001,Malware,10,9.387096774193548
2002,Unknown,10,9.387096774193548
2003,Malware,10,9.419354838709678
2005,Unknown,10,9.419354838709678
2007,Malware,10,9.419354838709678
2010,Malware,10,9.451612903225806
2017,PoS Malware,10,9.483870967741936
2023,Malware,9,8.333333333333334
2024,Malware,9,8.466666666666667
2027,Malware,9,8.533333333333333
2028,Unknown,9,8.533333333333333
2034,Malware,9,8.6
2035,Malware,9,8.6
2036,Malware,9,8.6
2037,Malware,9,8.6
2041,Unknown,9,8.633333333333333
2042,Unknown,9,8.666666666666666
2044,Malware,9,8.666666666666666
2046,Malware,9,8.7
2047,Account hijacking,9,8.7
2049,Malware,9,8.7
2050,Unknown,9,8.7
2056,Malware,9,8.733333333333333
2057,Unknown,9,8.733333333333333
2059,Malware,9,8.766666666666667
2062,Malware,9,8.766666666666667
2070,CVE-2019-11510 Vulnerability,9,8.8
2073,Account hijacking,9,8.8
2075,Fake Social Networks Accounts,9,8.8
2077,Account hijacking,9,8.8
2078,Unknown,9,8.833333333333334
2083,Unknown,9,8.833333333333334
2084,Account hijacking,9,8.833333333333334
2087,Malware,9,8.866666666666667
2090,Unknown,9,8.866666666666667
2091,Malware,9,8.9
2096,Fake News/ Social Networks Accounts/Pages,9,8.933333333333334
2098,Account hijacking,9,8.933333333333334
2099,Malware,9,8.933333333333334
2100,Malware,9,8.933333333333334
2108,DDoS,9,8.966666666666667
2109,Account hijacking,9,8.966666666666667
2110,Unknown,9,8.966666666666667
2117,Unknown,9,9.0
2118,PoS Malware,9,9.0
2119,PoS Malware,9,9.0
2120,Unknown,9,9.0
2121,Unknown,9,9.0
2122,Malware,7,6.548387096774194
2128,Malware,9,8.033333333333333
2129,Malicious Script Injection,9,8.033333333333333
2134,Malware,9,8.033333333333333
2135,Malware,9,8.033333333333333
2136,Unknown,9,8.033333333333333
2140,Unknown,9,8.033333333333333
2141,Unknown,9,8.033333333333333
2145,Malware,9,8.066666666666666
2149,Account Hijacking,9,8.066666666666666
2159,Account Hijacking,9,8.1
2160,Unknown,9,8.1
2164,Malware,9,8.133333333333333
2165,Malware,9,8.133333333333333
2166,Malware,9,8.2
2174,Malware,9,8.266666666666667
2175,Malware,9,8.266666666666667
2177,Malware,9,8.266666666666667
2178,Malware,9,8.266666666666667
2179,Malware,9,8.266666666666667
2180,DDoS,9,8.266666666666667
2185,Malware,9,8.3
2187,Malware,9,8.3
2190,Account Hijacking,9,8.3
2192,Targeted Attack,9,8.333333333333334
2195,Account Hijacking,9,8.333333333333334
2197,Account Hijacking,9,8.333333333333334
2198,Malware,9,8.333333333333334
2199,Malware,9,8.366666666666667
2200,Malware,9,8.366666666666667
2201,Malware,9,8.366666666666667
2202,Malware,9,8.366666666666667
2203,Unknown,9,8.366666666666667
2204,Account Hijacking,9,8.366666666666667
2205,Malware,9,8.366666666666667
2206,Malware,9,8.4
2209,Malware,9,8.433333333333334
2210,CVE-2019-11510 Vulnerability?,9,8.466666666666667
2211,Malware,9,8.466666666666667
2212,"CVE-2020-5902, CVE-2019-19781,  CVE-2019-11510,  CVE-2020-0688 vulnerabilities",9,8.466666666666667
2213,Account Hijacking,9,8.466666666666667
2214,Credential Stuffing,9,8.466666666666667
2215,Targeted Attack,9,8.466666666666667
2217,Malware,9,8.466666666666667
2220,Malware,9,8.466666666666667
2222,Malware,9,8.5
2224,Malware,9,8.5
2225,Malware,9,8.5
1,Unknown,4,3.533333333333333
17,Unknown,4,3.6333333333333333
21,CVE-2021-22893 Vulnerability,4,3.6666666666666665
30,Malware,4,3.7
36,Account Takeover,4,3.7
37,Account Takeover,4,3.7
44,Malware,4,3.7333333333333334
45,Malware,4,3.7333333333333334
46,CVE-2020-10148 and Pulse Secure VPN Vulnerability,4,3.7333333333333334
47,Unknown,4,3.7333333333333334
57,Malicious Spam,4,3.8333333333333335
62,Malware,4,3.8666666666666667
65,Malware,4,3.8666666666666667
68,Malware,4,3.8666666666666667
74,Unknown,4,3.8666666666666667
75,Malware,4,3.8666666666666667
77,Account Takeover,4,3.9
82,Account Takeover,4,3.9
83,Misconfiguration,4,3.9333333333333336
89,Unknown,4,3.9333333333333336
97,Malware,4,3.9333333333333336
98,Account Takeover,4,3.9333333333333336
99,Account Takeover,4,3.9333333333333336
103,Malware,4,3.966666666666667
106,Malware,4,3.966666666666667
107,Unknown,4,3.966666666666667
108,Unknown,4,3.966666666666667
110,Malicious Script Injection,4,3.966666666666667
111,Malicious Script Injection,4,3.966666666666667
112,Malicious Script Injection,4,3.966666666666667
113,Malicious Script Injection,4,3.966666666666667
122,Account Takeover,4,4.0
123,Unknown,4,4.0
125,Unknown,4,3.033333333333333
128,Malware,4,3.033333333333333
129,Malware,4,3.033333333333333
133,Malicious Spam,4,3.066666666666667
134,Account Takeover,4,3.066666666666667
135,Account Takeover,4,3.066666666666667
136,Malware,4,3.066666666666667
139,Vulnerability,4,3.066666666666667
140,Malware,4,3.1
142,Malware,4,3.1333333333333333
143,Malware,4,3.1333333333333333
147,Account Takeover,4,3.1666666666666665
148,Vulnerability,4,3.1666666666666665
149,Account Takeover,4,3.1666666666666665
151,Unknown,4,3.2
161,Malware,4,3.2
162,Unknown,4,3.2
163,Vulnerability,4,3.2
173,Unknown,4,3.2333333333333334
174,Malware,4,3.2333333333333334
180,Unknown,4,3.2666666666666666
181,Malicious Script Injection,4,3.2666666666666666
182,Malware,4,3.2666666666666666
187,Malware,4,3.2666666666666666
188,Account Takeover,4,3.2666666666666666
190,Malware,4,3.3
191,Vulnerability,4,3.3
199,Malware,4,3.3
205,Vulnerability,4,3.4
214,Cloud Misconfiguration,4,3.4333333333333336
220,Account Takeover,4,3.4333333333333336
224,Unknown,4,3.466666666666667
225,Unknown,4,3.466666666666667
235,"CVE-2018-13379, CVE-2019-9670, CVE-2019-11510, CVE-2019-19781, CVE-2020-4006",4,3.5
237,Malware,4,3.5
241,Targeted Attack,2,1.5714285714285714
242,Malware,2,1.5714285714285714
243,Malware,2,1.5714285714285714
256,Vulnerability,2,1.5714285714285714
257,Malware,2,1.6071428571428572
263,Malware,2,1.6071428571428572
265,Account Takeover,2,1.6071428571428572
266,Malware,2,1.6071428571428572
267,Account Takeover,2,1.6071428571428572
268,Unknown,2,1.6071428571428572
269,Vulnerability,2,1.6428571428571428
270,Account Takeover,2,1.6428571428571428
272,Malware,2,1.6428571428571428
274,Malware,2,1.6428571428571428
275,Vulnerability,2,1.6428571428571428
282,Account Takeover,2,1.6428571428571428
283,Account Takeover,2,1.6428571428571428
284,Malware,2,1.6785714285714286
288,Malware,2,1.6785714285714286
297,Malware,2,1.75
298,Unknown,2,1.75
302,Account Takeover,2,1.7857142857142856
305,Vulnerability,2,1.7857142857142856
306,Vulnerability,2,1.7857142857142856
314,Fake Websites/Social Network accounts,2,1.8214285714285714
320,Zoom bombing,2,1.8214285714285714
322,Malware,2,1.8214285714285714
323,Account Takeover,2,1.8214285714285714
324,Unknown,2,1.8214285714285714
331,Targeted Attack,2,1.8571428571428572
335,Account Takeover,2,1.8571428571428572
336,Account Takeover,2,1.8571428571428572
337,DDoS,2,1.8571428571428572
340,Account Takeover,2,1.8571428571428572
341,Misconfiguration,2,1.8571428571428572
346,Business Email Compromise,2,1.8928571428571428
347,Malware,2,1.8928571428571428
348,Account Takeover,2,1.8928571428571428
349,Unknown,2,1.8928571428571428
350,Account Takeover,2,1.8928571428571428
352,Vulnerability,2,1.8928571428571428
353,Malware,2,1.8928571428571428
360,SIM swap,2,1.9285714285714286
365,Account Takeover,2,1.9285714285714286
366,Malware,2,1.9285714285714286
367,Account Takeover,2,1.9285714285714286
370,Vulnerability,2,1.9285714285714286
371,Malware,2,1.9285714285714286
374,Malware,2,1.9642857142857144
376,SQLi,2,2.0
378,Account Takeover,2,2.0
379,Unknown,2,2.0
383,Targeted Attack,2,1.0357142857142858
384,Unknown,2,1.0357142857142858
385,Vulnerability,2,1.0357142857142858
391,Wind River Systems,2,1.0714285714285714
392,Business Email Compromise,2,1.0714285714285714
396,Accellion Vulnerability,2,1.0714285714285714
397,Unknown,2,1.0714285714285714
398,Vulnerability,2,1.0714285714285714
400,vBulletin vulnerability,2,1.1071428571428572
404,Malware,2,1.1071428571428572
414,Defacement,2,1.1428571428571428
420,Account Takeover,2,1.1785714285714286
422,Account Takeover,2,1.1785714285714286
424,Zoom bombing,2,1.1785714285714286
432,Account Takeover via Teamviewer,2,1.2857142857142856
436,Malware,2,1.2857142857142856
442,Unknown,2,1.3214285714285714
446,SPAM,2,1.3214285714285714
449,Accellion Vulnerability,2,1.3214285714285714
453,Account Takeover,2,1.3571428571428572
454,Account Takeover,2,1.3571428571428572
465,Unknown,2,1.3928571428571428
466,Unknown,2,1.3928571428571428
469,Account Takeover,2,1.4285714285714286
473,Malware,2,1.4285714285714286
477,Malware,2,1.5
487,Malware,2,1.5357142857142856
490,Unknown,2,1.5357142857142856
491,Fake Websites/Social Network accounts,1,0.45161290322580644
492,DDoS,1,0.4838709677419355
494,Malware,1,0.5161290322580645
497,SQLi,1,0.5806451612903226
498,Unknown,1,0.5806451612903226
499,Cloud Account Takeover,1,0.6129032258064516
504,Malware,1,0.6129032258064516
505,Cloud misconfiguration,1,0.6451612903225806
510,Account Takeover,1,0.6451612903225806
512,Malware,1,0.6451612903225806
518,Unknown,1,0.6774193548387096
519,Cloud misconfiguration,1,0.7096774193548387
520,0-Day vulnerability,1,0.7096774193548387
522,SQLi,1,0.7096774193548387
523,Malware,1,0.7096774193548387
538,Cloud misconfiguration,1,0.7741935483870968
542,Malware,1,0.8064516129032258
544,Unknown,1,0.8064516129032258
547,Malware,1,0.8064516129032258
563,Malware,1,0.9032258064516129
564,Malware,1,0.9032258064516129
565,Account Takeover,1,0.9032258064516129
566,Account Takeover,1,0.9032258064516129
567,Malware,1,0.9032258064516129
569,Vulnerability,1,0.9354838709677419
570,Malware,1,0.9354838709677419
573,Account Takeover,1,0.9354838709677419
574,Malware,1,0.9354838709677419
577,Unknown,1,0.9354838709677419
579,Account Takeover,1,0.9354838709677419
580,Malicious Google search ads,1,0.967741935483871
584,Malware,1,1.0
587,Malware,12,11.741935483870968
588,Malware,12,12.0
601,Malware,1,0.12903225806451613
602,Vulnerability,1,0.16129032258064516
613,Account Takeover,1,0.1935483870967742
623,Malware,1,0.2903225806451613
629,Unknown,1,0.3548387096774194
632,Account Takeover,1,0.3548387096774194
635,Malware,1,0.3548387096774194
636,Malware,1,0.3548387096774194
638,Malware,1,0.3548387096774194
639,Malware,1,0.3548387096774194
649,Unknown,1,0.3870967741935484
650,Malware,1,0.3870967741935484
652,Malware,1,0.3870967741935484
653,Account Takeover,1,0.3870967741935484
654,"Multiple techniques including phishing, brute force login attempts, and a 'pass-the-cookie' attack.",1,0.41935483870967744
655,Account Takeover,1,0.41935483870967744
662,Malware,1,0.45161290322580644
664,Business Email Compromise,1,0.45161290322580644
666,Business Email Compromise,1,0.45161290322580644
667,Malware,1,0.45161290322580644
669,Malware,1,0.45161290322580644
671,Account Takeover,1,0.4838709677419355
672,Unknown,1,0.4838709677419355
673,Account Takeover,1,0.4838709677419355
675,Fake Websites/Social Network accounts,1,0.4838709677419355
682,Malware,6,5.533333333333333
683,Unknown,6,5.533333333333333
687,Misconfiguration,6,5.566666666666666
691,Account Takeover,6,5.566666666666666
692,Account Takeover,6,5.566666666666666
694,Malware,6,5.566666666666666
697,Malware,6,5.6
698,Unknown,6,5.6
700,Unknown,6,5.6
701,Unknown,6,5.6
702,Unknown,6,5.6
705,Malware,6,5.633333333333333
710,Malware,6,5.7
717,Account Takeover,6,5.733333333333333
718,Fake websites/social network accounts,6,5.733333333333333
720,Unknown,6,5.733333333333333
723,Malware,6,5.766666666666667
726,Account Takeover,6,5.766666666666667
733,Misconfiguration,6,5.8
738,Defacement,6,5.8
744,Unknown,6,5.833333333333333
745,Unknown,6,5.833333333333333
746,Unknown,6,5.833333333333333
748,Malware,6,5.866666666666667
749,Unknown,6,5.866666666666667
753,Malware,6,5.933333333333334
756,Unknown,6,5.933333333333334
758,Malware,6,5.966666666666667
759,Unknown,6,5.966666666666667
762,Account Takeover,6,5.966666666666667
764,Malware,6,5.966666666666667
768,Malware,6,6.0
774,Malware,6,6.0
776,Unknown,6,6.0
777,Account Takeover,6,6.0
779,Malware,6,5.033333333333333
784,Malware,6,5.033333333333333
785,Unknown,6,5.033333333333333
786,Unknown,6,5.033333333333333
790,Pulse Secure vulnerability,6,5.066666666666666
791,Malware,6,5.066666666666666
794,Malware,6,5.066666666666666
795,Account Takeover,6,5.066666666666666
798,Malware,6,5.1
800,Malware,6,5.1
801,Malware,6,5.1
803,Malware,6,5.1
804,Malware,6,5.1
805,Account Takeover,6,5.1
818,Account Takeover,6,5.133333333333334
819,Account Takeover,6,5.133333333333334
821,Malware,6,5.166666666666667
824,Unknown,6,5.2
825,Malware,6,5.2
827,Malware,6,5.233333333333333
828,Unknown,6,5.233333333333333
830,Account Takeover,6,5.233333333333333
831,Business Email Compromise,6,5.233333333333333
837,Unknown,6,5.266666666666667
838,Malware,6,5.266666666666667
844,Business Email Compromise,6,5.3
853,Unknown,6,5.3
854,Account Takeover,6,5.3
855,Malware,6,5.3
856,Malware,6,5.3
858,Account Takeover,6,5.333333333333333
860,Malware,6,5.333333333333333
863,Unknown,6,5.366666666666666
864,Unknown,6,5.366666666666666
865,Account Takeover,6,5.366666666666666
866,Malware,6,5.366666666666666
870,Malware,6,5.366666666666666
871,Malware,6,5.366666666666666
872,Malware,6,5.366666666666666
874,Account Takeover,6,5.4
875,Malware,6,5.433333333333334
882,Unknown,6,5.466666666666667
884,Malware,6,5.5
885,Unknown,6,5.5
889,Malware,3,2.5161290322580645
891,Malware,3,2.5161290322580645
892,Malware,3,2.5161290322580645
896,Business Email Compromise,3,2.5483870967741935
897,Malware,3,2.5483870967741935
900,Unknown,3,2.5483870967741935
906,Malware,3,2.5806451612903225
912,Unknown,3,2.5806451612903225
918,Unknown,3,2.6129032258064515
919,Unknown,3,2.6129032258064515
921,Account Takeover,3,2.6129032258064515
923,Unknown,3,2.6451612903225805
924,Account Takeover,3,2.6451612903225805
925,Unknown,3,2.6451612903225805
929,Account Takeover,3,2.6774193548387095
930,Malware,3,2.709677419354839
937,Account Takeover,3,2.709677419354839
938,Malware,3,2.709677419354839
939,Malware,3,2.709677419354839
941,Malware,3,2.741935483870968
942,Malware,3,2.741935483870968
944,Vulnerability,3,2.741935483870968
947,Misconfiguration,3,2.741935483870968
948,Malware,3,2.741935483870968
949,Malware,3,2.741935483870968
950,Unknown,3,2.741935483870968
956,Unknown,3,2.774193548387097
957,Unknown,3,2.774193548387097
958,Unknown,3,2.774193548387097
959,Malware,3,2.774193548387097
960,Misconfiguration,3,2.806451612903226
962,Malware,3,2.806451612903226
963,Malware,3,2.806451612903226
964,Unknown,3,2.806451612903226
968,Malware,3,2.838709677419355
969,Malware,3,2.838709677419355
970,Malware,3,2.838709677419355
973,Unknown,3,2.838709677419355
975,Malware,3,2.870967741935484
979,Malware,3,2.870967741935484
981,Vulnerability,3,2.935483870967742
982,Vulnerability,3,2.935483870967742
983,Vulnerability,3,2.935483870967742
984,Vulnerability,3,2.935483870967742
990,Account Takeover,3,2.967741935483871
991,>1,3,2.967741935483871
992,Unknown,3,2.967741935483871
1004,Account Takeover,3,3.0
1008,Vulnerability,3,3.0
1009,Vulnerability,3,3.0
1017,Account Takeover,3,2.032258064516129
1019,Malware,3,2.064516129032258
1020,"CVE-2021-26855, CVE-2021-26857, CVE-2021-26858,   CVE-2021-27065 Vulnerabilities",3,2.064516129032258
1022,Vulnerability,3,2.064516129032258
1025,Malware,3,2.064516129032258
1026,Unknown,3,2.064516129032258
1030,Malware,3,2.096774193548387
1035,Malware,3,2.096774193548387
1036,Malware,3,2.096774193548387
1037,Misconfiguration,3,2.096774193548387
1038,Unknown,3,2.096774193548387
1041,Vulnerability,3,2.129032258064516
1047,Account Takeover,3,2.129032258064516
1052,Misconfiguration,3,2.129032258064516
1056,Account Takeover,3,2.129032258064516
1057,Account Takeover,3,2.129032258064516
1058,Malware,3,2.129032258064516
1062,Account Takeover,3,2.161290322580645
1068,Unknown,3,2.161290322580645
1069,Malware,3,2.161290322580645
1071,Unknown,3,2.161290322580645
1072,Malware,3,2.161290322580645
1075,Defacement,3,2.193548387096774
1079,Account Takeover,3,2.225806451612903
1081,Vulnerability,3,2.258064516129032
1086,Malware,3,2.258064516129032
1087,Unknown,3,2.258064516129032
1088,Account Takeover,3,2.258064516129032
1089,"CVE-2021-26855, CVE-2021-26857, CVE-2021-26858,   CVE-2021-27065 Vulnerabilities",3,2.2903225806451615
1091,Misconfiguration,3,2.2903225806451615
1092,Account Takeover,3,2.2903225806451615
1096,Unknown,3,2.2903225806451615
1099,Unknown,3,2.2903225806451615
1119,Malware,3,2.3225806451612905
1121,Account Takeover,3,2.3225806451612905
1123,Unknown,3,2.3225806451612905
1124,Malware,3,2.3548387096774195
1127,Unknown,3,2.3548387096774195
1129,Malware,3,2.3548387096774195
1130,Malware,3,2.3548387096774195
1131,Vulnerability,3,2.3548387096774195
1138,Malware,3,2.3870967741935485
1139,Malware,3,2.3870967741935485
1140,Malware,3,2.3870967741935485
1141,Malware,3,2.3870967741935485
1142,Malware,3,2.3870967741935485
1143,Malware,3,2.3870967741935485
1147,Account Takeover,3,2.3870967741935485
1148,Account Takeover,3,2.3870967741935485
1152,Malware,3,2.4193548387096775
1153,Unknown,3,2.4516129032258065
1171,Account Takeover,5,4.548387096774194
1174,Malware,5,4.580645161290323
1178,Malware,5,4.580645161290323
1179,Malware,5,4.580645161290323
1180,Malware,5,4.580645161290323
1184,Malware,5,4.612903225806452
1185,Malware,5,4.612903225806452
1188,Malware,5,4.645161290322581
1193,Malware,5,4.645161290322581
1194,Malware,5,4.645161290322581
1197,Malware,5,4.67741935483871
1200,Account Takeover,5,4.67741935483871
1209,Malware,5,4.774193548387097
1210,Malware,5,4.774193548387097
1217,Unknown,5,4.806451612903226
1218,Account Takeover,5,4.806451612903226
1219,Malware,5,4.806451612903226
1224,Malware,5,4.838709677419355
1231,Pulse Secure vulnerability,5,4.870967741935484
1233,"CVE-2018-13379, CVE-2020-12812, CVE-2019-5591 vulnerability",5,4.870967741935484
1234,Account Takeover,5,4.870967741935484
1239,Account Takeover,5,4.870967741935484
1241,Unknown,5,4.903225806451613
1242,Malware,5,4.903225806451613
1243,Misconfiguration,5,4.903225806451613
1244,Malware,5,4.903225806451613
1245,Account Takeover,5,4.935483870967742
1247,Malware,5,4.967741935483871
1249,Malware,5,4.032258064516129
1250,Unknown,5,4.032258064516129
1256,Account Takeover,5,4.096774193548387
1258,Malware,5,4.096774193548387
1259,Malware,5,4.096774193548387
1267,Unknown,5,4.129032258064516
1271,Account Takeover,5,4.129032258064516
1272,Unknown,5,4.129032258064516
1274,Malware,5,4.161290322580645
1281,Unknown,5,4.193548387096774
1283,Account Takeover,5,4.193548387096774
1286,Malware,5,4.225806451612903
1287,Malware,5,4.225806451612903
1288,Malware,5,4.225806451612903
1289,Malware,5,4.225806451612903
1290,Malware,5,4.225806451612903
1292,Unknown,5,4.225806451612903
1293,Account Takeover,5,4.225806451612903
1295,Account Takeover,5,4.225806451612903
1296,Malware,5,4.225806451612903
1298,Malware,5,4.258064516129032
1300,Malware,5,4.258064516129032
1301,Vulnerability,5,4.258064516129032
1302,Vulnerability,5,4.258064516129032
1306,Unknown,5,4.290322580645161
1307,Malware,5,4.32258064516129
1312,Unknown,5,4.32258064516129
1314,Malware,5,4.32258064516129
1318,Misconfiguration,5,4.354838709677419
1323,Malware,5,4.387096774193548
1331,Malware,5,4.419354838709677
1332,Malware,5,4.419354838709677
